href,img,title,desc,phone,email,view_count,visitor_count
http://clovetoothpaste.lnwshop.com/,https://dt.lnwfile.com/_resize_images/300/300/q3/rn/4w.jpg,‡∏¢‡∏≤‡∏™‡∏µ‡∏ü‡∏±‡∏ô‡∏™‡∏°‡∏∏‡∏ô‡πÑ‡∏û‡∏£ ‡∏Å‡∏≤‡∏ô‡∏û‡∏•‡∏π,    ‡∏¢‡∏≤‡∏™‡∏µ‡∏ü‡∏±‡∏ô‡∏™‡∏°‡∏∏‡∏ô‡πÑ‡∏û‡∏£‡∏Å‡∏≤‡∏ô‡∏û‡∏•‡∏π  ‡∏Å‡∏≤‡∏ô‡∏û‡∏•‡∏π‡∏¢‡∏≤‡∏™‡∏µ‡∏ü‡∏±‡∏ô‡∏™‡∏°‡∏∏‡∏ô‡πÑ‡∏û‡∏£‡∏à‡∏≤‡∏Å‡∏ò‡∏£‡∏£‡∏°‡∏ä‡∏≤‡∏ï‡∏¥‡∏Ç‡∏à‡∏±‡∏î‡∏Å‡∏•‡∏¥‡πà‡∏ô‡∏õ‡∏≤‡∏Å‡∏Å‡∏•‡∏¥‡πà‡∏ô‡∏ö‡∏∏‡∏´‡∏£‡∏µ‡∏•‡∏°‡∏´‡∏≤‡∏¢‡πÉ‡∏à‡∏´‡∏≠‡∏°‡∏™‡∏î‡∏ä‡∏∑‡πà‡∏ô‡πÑ‡∏î‡πâ‡∏ó‡∏±‡πâ‡∏á‡∏ß‡∏±‡∏ô‡∏°‡∏µ.‡∏≠.‡∏¢.‡∏£‡∏±‡∏ö‡∏£‡∏≠‡∏á‡∏Ñ‡∏ß‡∏≤‡∏°‡∏õ‡∏£‡∏≠‡∏î‡∏†‡∏±‡∏¢100%‡∏Ñ‡∏£‡∏±‡∏ö‡∏™‡∏ô‡πÉ‡∏à‡∏™‡∏≠‡∏ö‡∏ñ‡∏≤‡∏°‡∏°‡∏≤‡πÑ‡∏î‡πâ‡∏Ñ‡∏£‡∏±‡∏ö081-0422797‡∏´‡∏£‡∏∑‡∏≠‡∏ï‡πâ‡∏≠‡∏á‡∏Å‡∏≤‡∏£AddLine‡πÄ‡∏Ç‡πâ‡∏≤‡πÉ‡∏ô‚Ä¶   ,0810422797,numkran2012@hotmail.com,59,23
http://sheblink.lnwshop.com/,https://www.lnwshop.com/images/noAvatarShop.png,Lookmod_SheBlink,    Lookmod_SheBlink  ‡∏à‡∏≥‡∏´‡∏ô‡πà‡∏≤‡∏¢‡∏ú‡∏•‡∏¥‡∏ï‡∏†‡∏±‡∏ì‡∏ë‡πå‡∏î‡πâ‡∏≤‡∏ô‡∏Ñ‡∏ß‡∏≤‡∏°‡∏á‡∏≤‡∏°‡πÄ‡∏ã‡∏£‡∏±‡πà‡∏°‡∏ö‡∏≥‡∏£‡∏∏‡∏á‡∏ú‡∏¥‡∏ß‡∏´‡∏ô‡πâ‡∏≤‡πÄ‡∏à‡∏•‡∏™‡∏•‡∏≤‡∏¢‡πÑ‡∏Ç‡∏°‡∏±‡∏ô‡πÄ‡∏à‡∏•‡∏Å‡∏£‡∏∞‡∏ä‡∏±‡∏ö‡∏™‡∏±‡∏î‡∏™‡πà‡∏ß‡∏ô‡∏≠‡∏≤‡∏´‡∏≤‡∏£‡πÄ‡∏™‡∏£‡∏¥‡∏°   ,0909699073,my_soda-zaa@windowslive.com,1,1
http://systemicnetwork.lnwshop.com/,https://du.lnwfile.com/_resize_images/300/300/cv/26/v4.png,‡∏ã‡∏¥‡∏ï‡πÄ‡∏ï‡πá‡∏°‡∏°‡∏¥‡∏Ñ‡πÄ‡∏ô‡πá‡∏Ñ‡πÄ‡∏ß‡∏¥‡∏Ñ ‡∏Å‡∏•‡πâ‡∏≠‡∏á‡∏ß‡∏á‡∏à‡∏£‡∏õ‡∏¥‡∏î‡πÅ‡∏•‡∏∞‡πÄ‡∏ô‡πá‡∏ï‡πÄ‡∏ß‡∏¥‡∏Ñ,    ‡∏ã‡∏¥‡∏ï‡πÄ‡∏ï‡πá‡∏°‡∏°‡∏¥‡∏Ñ‡πÄ‡∏ô‡πá‡∏Ñ‡πÄ‡∏ß‡∏¥‡∏Ñ‡∏Å‡∏•‡πâ‡∏≠‡∏á‡∏ß‡∏á‡∏à‡∏£‡∏õ‡∏¥‡∏î‡πÅ‡∏•‡∏∞‡πÄ‡∏ô‡πá‡∏ï‡πÄ‡∏ß‡∏¥‡∏Ñ  ‡∏à‡∏≥‡∏´‡∏ô‡πà‡∏≤‡∏¢‡∏Å‡∏•‡πâ‡∏≠‡∏á‡∏ß‡∏á‡∏à‡∏£‡∏õ‡∏¥‡∏î‡πÄ‡∏ä‡∏µ‡∏¢‡∏á‡∏£‡∏≤‡∏¢‡πÄ‡∏ä‡∏µ‡∏¢‡∏á‡πÉ‡∏´‡∏°‡πà‡∏†‡∏≤‡∏Ñ‡πÄ‡∏´‡∏ô‡∏∑‡∏≠‡∏£‡∏∞‡∏ö‡∏ö‡∏≠‡∏¥‡∏ô‡πÄ‡∏ï‡∏≠‡∏£‡πå‡πÄ‡∏ô‡πá‡∏ï‡∏´‡∏≠‡∏û‡∏±‡∏Å‡πÄ‡∏Ñ‡∏£‡∏∑‡πà‡∏≠‡∏á‡∏™‡πÅ‡∏Å‡∏ô‡∏•‡∏≤‡∏¢‡∏ô‡∏¥‡πâ‡∏ß‡∏°‡∏∑‡∏≠‡∏õ‡∏£‡∏∞‡∏ï‡∏π‡∏Ñ‡∏µ‡∏¢‡πå‡∏Å‡∏≤‡∏£‡πå‡∏î   ,096-0370623, 085-1306776,gigabitthai@gmail.com,10638,4456
http://worldkids.lnwshop.com/,https://www.lnwshop.com/images/noAvatarShop.png,world's kids,    world'skids  ‡πÄ‡∏™‡∏∑‡πâ‡∏≠‡∏ú‡πâ‡∏≤‡πÄ‡∏î‡πá‡∏Å‡∏ú‡∏π‡πâ‡∏´‡∏ç‡∏¥‡∏á‡∏ú‡∏π‡πâ‡∏ä‡∏≤‡∏¢‡∏™‡∏¥‡∏ô‡∏Ñ‡πâ‡∏≤‡∏û‡∏£‡πâ‡∏≠‡∏°‡∏™‡πà‡∏á‡∏ó‡∏∏‡∏Å‡∏£‡∏≤‡∏¢‡∏Å‡∏≤‡∏£‡∏£‡∏≤‡∏Ñ‡∏≤‡∏¢‡πà‡∏≠‡∏°‡πÄ‡∏¢‡∏≤‡∏ß‡πå   ,0891337083,sopit-jai@hotmail.com,22,5
http://afcamera.lnwshop.com/,https://aa.lnwfile.com/_resize_images/300/300/p4/a9/6q.jpg,AF-Camera,    AF-Camera  AF-Camera‡∏à‡∏≥‡∏´‡∏ô‡πà‡∏≤‡∏¢‡∏Å‡∏•‡πâ‡∏≠‡∏á‡∏ï‡∏¥‡∏î‡∏£‡∏ñ‡∏¢‡∏ô‡∏ï‡πå‡∏Å‡∏•‡πâ‡∏≠‡∏áActioncamera‡∏£‡∏ß‡∏°‡πÑ‡∏õ‡∏ñ‡∏∂‡∏á‡πÅ‡∏ß‡πà‡∏ô3DVR-box‡∏™‡∏∏‡∏î‡∏Æ‡∏¥‡∏ï   ,0863478752,off_skr12@hotmail.com,68,44
http://www.phyteney-by-boom.com/,https://www.lnwshop.com/images/noAvatarShop.png,phyteneythailand,    phyteneythailand  ‡∏≠‡∏≤‡∏´‡∏≤‡∏£‡πÄ‡∏™‡∏£‡∏¥‡∏°‡∏•‡∏î‡∏ô‡πâ‡∏≥‡∏´‡∏ô‡∏±‡∏Å‡πÇ‡∏î‡∏¢‡∏ö‡∏∏‡πã‡∏°‡∏õ‡∏ô‡∏±‡∏î‡∏î‡∏≤   ,0814064102,thidapoo@hotmail.com,,
http://pitchaya-garment.lnwshop.com/,https://aa.lnwfile.com/_resize_images/300/300/bp/di/2o.jpg,Pitchaya Garment,    PitchayaGarment  ‡∏à‡∏≥‡∏´‡∏ô‡πà‡∏≤‡∏¢‡πÄ‡∏™‡∏∑‡πâ‡∏≠‡∏¢‡∏∑‡∏î‡πÄ‡∏ô‡∏∑‡πâ‡∏≠‡∏î‡∏µ‡∏ó‡∏µ‡πà‡∏™‡∏∏‡∏îCotton100%No.32+Combed‡πÅ‡∏•‡∏∞‡πÄ‡∏™‡∏∑‡πâ‡∏≠‡πÇ‡∏õ‡πÇ‡∏•‡∏¢‡∏π‡∏ô‡∏¥‡∏ü‡∏≠‡∏£‡πå‡∏°‡πÄ‡∏Å‡∏£‡∏î‡∏û‡∏£‡∏µ‡πÄ‡∏°‡∏µ‡πà‡∏¢‡∏°‡∏Ñ‡∏∏‡∏ì‡∏†‡∏≤‡∏û‡∏™‡πà‡∏á‡∏≠‡∏≠‡∏Å‡πÄ‡∏ô‡∏∑‡πâ‡∏≠‡∏ú‡πâ‡∏≤‡∏î‡∏µ‡πÄ‡∏¢‡∏µ‡πà‡∏¢‡∏°‡∏î‡πâ‡∏ß‡∏¢‡∏™‡∏±‡∏î‡∏™‡πà‡∏ß‡∏ô‡∏Å‡∏≤‡∏£‡∏ó‡∏≠‡∏≠‡∏¢‡πà‡∏≤‡∏á‡∏•‡∏á‡∏ï‡∏±‡∏ß94%Cotton&6%Spandex‡∏ó‡∏≥‡πÉ‡∏´‡πâ‡πÄ‡∏ô‡∏∑‚Ä¶   ,0835415025,pitchaya.garment@gmail.com,13,7
http://maydacos.lnwshop.com/,https://aa.lnwfile.com/_resize_images/300/300/dl/lx/94.jpg,Maydacosmetic,    Maydacosmetic  ‡∏à‡∏≥‡∏´‡∏ô‡πà‡∏≤‡∏¢‡πÄ‡∏Ñ‡∏£‡∏∑‡πà‡∏≠‡∏á‡∏™‡∏≥‡∏≠‡∏≤‡∏á‡πÅ‡∏ö‡∏£‡∏ô‡∏î‡πå‡πÅ‡∏ó‡πâ100%   ,0819177533,maydacos@hotmail.com,247,107
http://www.jkothailand.net/,https://aa.lnwfile.com/_resize_images/300/300/h3/i9/wh.png,jkothailand,    jkothailand  jkothailand‡∏¢‡∏¥‡∏ô‡∏î‡∏µ‡∏ï‡πâ‡∏≠‡∏ô‡∏£‡∏±‡∏ö‡∏Ñ‡πà‡∏∞‡∏£‡πâ‡∏≤‡∏ô‡πÄ‡∏£‡∏≤‡πÄ‡∏ô‡πâ‡∏ô‡πÄ‡∏õ‡πá‡∏ô‡∏™‡∏¥‡∏ô‡∏Ñ‡πâ‡∏≤‡πÉ‡∏ô‡πÄ‡∏Ñ‡∏£‡∏∑‡∏≠‡πÄ‡∏ß‡∏ä‡∏™‡∏≥‡∏≠‡∏≤‡∏á‡∏Ñ‡πå‡∏Ç‡∏≤‡∏¢‡∏™‡∏¥‡∏ô‡∏Ñ‡πâ‡∏≤‡∏ó‡∏∏‡∏Å‡∏ï‡∏±‡∏ß‡πÄ‡∏ô‡πâ‡∏ô‡∏õ‡∏•‡∏≠‡∏î‡∏†‡∏±‡∏¢‡πÑ‡∏£‡πâ‡∏™‡∏≤‡∏£‡∏ï‡πâ‡∏≠‡∏á‡∏´‡πâ‡∏≤‡∏°‡∏û‡∏ö‡πÄ‡∏à‡∏≠‡∏™‡∏≤‡∏£‡∏õ‡∏£‡∏≠‡∏ó‡∏™‡∏≤‡∏£‡πÑ‡∏Æ‡πÇ‡∏î‡∏£‡∏Ñ‡∏ß‡∏¥‡∏ô‡πÇ‡∏ô‡∏ô‡∏à‡πà‡∏≤‡∏¢‡πÄ‡∏á‡∏¥‡∏ô‡∏ó‡∏±‡∏ô‡∏ó‡∏µ‡∏Ñ‡πà‡∏∞   ,0946861614,nenejung22@hotmail.com,60,40
http://cutetyshopbyamy.lnwshop.com/,https://www.lnwshop.com/images/noAvatarShop.png,Cutety Shop,    CutetyShop  ‡∏™‡∏±‡∏°‡∏ú‡∏±‡∏™‡πÉ‡∏´‡∏°‡πà‡∏Ç‡∏≠‡∏á‡∏ß‡∏á‡∏Å‡∏≤‡∏£‡∏Å‡∏≥‡∏à‡∏±‡∏î‡∏Ç‡∏ô‡∏ï‡πâ‡∏≠‡∏á‡∏ï‡∏±‡∏ß‡∏ô‡∏µ‡πâ‡πÄ‡∏•‡∏¢‡∏à‡πâ‡∏≤WaxGirlykiss‡πÑ‡∏°‡πà‡∏ï‡πâ‡∏≠‡∏á‡πÄ‡∏™‡∏µ‡∏¢‡πÄ‡∏ß‡∏•‡∏≤‡πÑ‡∏õ‡πÄ‡∏•‡πÄ‡∏ã‡∏≠‡∏£‡πå‡πÄ‡∏™‡∏µ‡∏¢‡πÄ‡∏á‡∏¥‡∏ô‡∏´‡∏•‡∏±‡∏Å‡∏û‡∏±‡∏ô‚Ä™#‚Äé‡∏Å‡∏≥‡∏à‡∏±‡∏î‡∏Ç‡∏ô‡πÅ‡∏ñ‡∏°‡∏ö‡∏≥‡∏£‡∏∏‡∏á‡πÑ‡∏õ‡πÉ‡∏ô‡∏ï‡∏±‡∏ß‚Ä¨‚Ä™#‚Äé‡∏≠‡∏∞‡πÑ‡∏£‡∏à‡∏∞‡∏î‡∏µ‡∏Ç‡∏ô‡∏≤‡∏î‡∏ô‡∏±‡πâ‡∏ô‡∏û‡πà‡∏≠‡∏Ñ‡∏∏‡∏ì‡πÄ‡∏≠‡πã‡∏¢‡∏¢‡∏¢‡∏¢‚Ä¨üíï‡∏û‡∏¥‡πÄ‡∏®‡∏©‡∏Å‡∏•‡πà‡∏≠‡∏á‡∏•‚Ä¶   ,0892123030,sojiratamy@hotmail.com,2,2
http://plerndu2016.lnwshop.com/,https://dt.lnwfile.com/_resize_images/300/300/iu/d3/3r.jpg,Plern Du,    PlernDu  PlernDuadeskaccessories:‡∏ê‡∏≤‡∏ô‡πÑ‡∏°‡πâ‡∏ß‡∏≤‡∏á‡πÇ‡∏ó‡∏£‡∏®‡∏±‡∏û‡∏ó‡πå‡∏°‡∏∑‡∏≠‡∏ñ‡∏∑‡∏≠‡πÅ‡∏•‡∏∞‡πÄ‡∏Ñ‡∏£‡∏∑‡πà‡∏≠‡∏á‡πÄ‡∏Ç‡∏µ‡∏¢‡∏ô‡∏ï‡∏Å‡πÅ‡∏ï‡πà‡∏á‡∏î‡πâ‡∏ß‡∏¢‡∏ß‡∏±‡∏™‡∏î‡∏∏‡∏à‡∏≤‡∏Å‡∏ò‡∏£‡∏£‡∏°‡∏ä‡∏≤‡∏ï‡∏¥‡∏ã‡∏∂‡πà‡∏á‡∏•‡∏π‡∏Å‡∏Ñ‡πâ‡∏≤‡∏™‡∏≤‡∏°‡∏≤‡∏£‡∏ñ‡πÄ‡∏•‡∏∑‡∏≠‡∏Å‡∏ï‡∏Å‡πÅ‡∏ï‡πà‡∏á‡πÅ‡∏•‡∏∞‡∏à‡∏±‡∏î‡∏ß‡∏≤‡∏á‡πÄ‡∏≠‡∏á‡πÑ‡∏î‡πâ   ,084 1131707,parichartoor@gmail.com,5,5
http://www.lamuuplus.com/,https://du.lnwfile.com/_resize_images/300/300/cq/j4/sb.jpg,Lamuu+(Officia),    Lamuu+(Officia)  ‡∏ú‡∏•‡∏¥‡∏ï‡∏†‡∏±‡∏ì‡πå‡πÄ‡∏™‡∏£‡∏¥‡∏°‡∏≠‡∏≤‡∏´‡∏≤‡∏£‡πÅ‡∏•‡∏∞‡∏Ñ‡∏ß‡∏ö‡∏Ñ‡∏∏‡∏°‡∏•‡∏î‡∏ô‡πâ‡∏≥‡∏´‡∏ô‡∏±‡∏ÅLamuu+(Plus)   ,0958938858,lamuu.official@gmail.com,47,34
http://www.yourebeautiful.name/,https://dt.lnwfile.com/_resize_images/300/300/1n/t0/20.jpg,You're Beautiful,    You'reBeautiful  You'reBeautiful‡∏¢‡∏¥‡∏ô‡∏î‡∏µ‡∏ï‡πâ‡∏≠‡∏ô‡∏£‡∏±‡∏ö‡∏à‡∏≥‡∏´‡∏ô‡πà‡∏ß‡∏¢‡∏≠‡∏≤‡∏´‡∏≤‡∏£‡πÄ‡∏™‡∏£‡∏¥‡∏°‡∏ö‡∏≥‡∏£‡∏∏‡∏á‡∏ú‡∏¥‡∏ß‡∏û‡∏£‡∏£‡∏ì‡∏Å‡∏•‡∏π‡∏ï‡πâ‡∏≤‡∏Ñ‡∏≠‡∏•‡∏•‡∏≤‡πÄ‡∏à‡∏ô‡∏ó‡∏±‡πâ‡∏á‡πÅ‡∏ö‡∏ö‡∏ä‡∏á‡πÅ‡∏ö‡∏ö‡πÄ‡∏°‡πá‡∏î‡∏Ñ‡∏£‡∏µ‡∏°‡∏ö‡∏≥‡∏£‡∏∏‡∏á‡∏ú‡∏¥‡∏ß‡πÇ‡∏•‡∏ä‡∏±‡πà‡∏ô‡∏ó‡∏≤‡∏ú‡∏¥‡∏ß‡∏Å‡∏≤‡∏¢‡∏™‡∏ö‡∏π‡πà‡∏ü‡∏≠‡∏Å‡∏´‡∏ô‡πâ‡∏≤‡∏ü‡∏≠‡∏Å‡∏ï‡∏±‡∏ß‡∏û‡∏£‡πâ‡∏≠‡∏°‡∏™‡πà‡∏á‡∏≠‡∏≤‡∏´‡∏≤‡∏£‡πÄ‡∏™‡∏£‡∏¥‡∏°‡∏Ñ‡∏ß‡∏ö‡∏Ñ‡∏∏‡∏°‡∏ô‡πâ‡∏≥‡∏´‡∏ô‡∏±‡∏Å‡∏ó‡∏∏‡∏Å‡∏ï‡∏±‡∏ß‡πÄ‡∏£‡∏≤‡∏Å‡∏≤‚Ä¶   ,0620355039,kanyarat384@gmail.com,18,14
http://dokaponbaby.lnwshop.com/,https://www.lnwshop.com/images/noAvatarShop.png,Dokapon Baby,    DokaponBaby  ‡∏™‡∏¥‡∏ô‡∏Ñ‡πâ‡∏≤‡πÄ‡∏î‡πá‡∏Å‡∏≠‡πà‡∏≠‡∏ô‡∏Ç‡∏ß‡∏î‡∏ô‡∏°‡∏ó‡∏µ‡πà‡∏ô‡∏≠‡∏ô‡∏Å‡∏¥‡πä‡∏ü‡πÄ‡∏ã‡πá‡∏ï‡πÄ‡∏™‡∏∑‡πâ‡∏≠‡∏ú‡πâ‡∏≤‡πÄ‡∏î‡πá‡∏Å‡∏≠‡πà‡∏≠‡∏ô‡πÄ‡∏î‡πá‡∏Å‡πÄ‡∏•‡πá‡∏Å   ,0971714774,,85,41
http://comfortable.lnwshop.com/,https://du.lnwfile.com/_resize_images/300/300/li/if/40.jpg,Comfortable,    Comfortable  ‡∏à‡∏≥‡∏´‡∏ô‡πà‡∏≤‡∏¢‡∏ä‡∏∏‡∏î‡∏ó‡∏µ‡πà‡∏ô‡∏≠‡∏ô‡∏´‡∏•‡∏≤‡∏Å‡∏´‡∏•‡∏≤‡∏¢‡∏•‡∏≤‡∏¢‡∏ô‡πà‡∏≤‡∏£‡∏±‡∏Å‡πÄ‡∏£‡∏µ‡∏¢‡∏ö‡∏™‡∏ß‡∏¢‡∏´‡∏£‡∏π‡∏™‡∏ô‡πÉ‡∏à‡∏ï‡∏¥‡∏î‡∏ï‡πà‡∏≠‡πÄ‡∏•‡∏¢‡∏à‡∏£‡πâ‡∏≤‡∏≤‡∏≤‡∏≤^^   ,086-332-8965,dreemcass@hotmail.com,81,39
http://storii-shop.lnwshop.com/,https://dt.lnwfile.com/_resize_images/300/300/zz/tx/29.jpg,STORii_fashionShop,    STORii_fashionShop  ‡∏ô‡∏≥‡πÄ‡∏Ç‡πâ‡∏≤‡πÅ‡∏ü‡∏ä‡∏±‡πà‡∏ô‡∏™‡∏ß‡∏¢‡πÜ‡∏™‡πà‡∏á‡∏ñ‡∏∂‡∏á‡∏°‡∏∑‡∏≠‡∏•‡∏π‡∏Å‡∏Ñ‡πâ‡∏≤‡πÅ‡∏ô‡πà‡∏ô‡∏≠‡∏ô‡∏à‡∏£‡πâ‡∏≤‡πÄ‡∏£‡∏∑‡πà‡∏≠‡∏á‡πÅ‡∏ü‡∏ä‡∏±‡πà‡∏ô‡πÑ‡∏ß‡πâ‡πÉ‡∏à‡πÄ‡∏£‡∏≤   ,0872333991,siriwadeeza@hotmail.co.th,10,10
http://mebeauty2shop.lnwshop.com/,https://www.lnwshop.com/images/noAvatarShop.png,Me Beauty Shop,    MeBeautyShop  ‡∏à‡∏≥‡∏´‡∏ô‡πà‡∏≤‡∏¢‡∏≠‡∏≤‡∏´‡∏≤‡∏£‡πÄ‡∏™‡∏£‡∏¥‡∏°CollagenGlutathione‡∏™‡∏ö‡∏π‡πà‡∏ú‡∏¥‡∏ß‡∏Ç‡∏≤‡∏ß‡∏Ñ‡∏£‡∏µ‡∏°‡∏ú‡∏¥‡∏ß‡∏Ç‡∏≤‡∏ß‡∏≠‡∏≤‡∏´‡∏≤‡∏£‡πÄ‡∏™‡∏£‡∏¥‡∏°‡∏•‡∏î‡∏ô‡πâ‡∏≥‡∏´‡∏ô‡∏±‡∏Å‡∏≠‡∏≤‡∏´‡∏≤‡∏£‡πÄ‡∏™‡∏£‡∏¥‡∏°‡∏ó‡πà‡∏≤‡∏ô‡∏ä‡∏≤‡∏¢‡∏ú‡∏•‡∏¥‡∏ï‡∏†‡∏±‡∏ì‡∏ë‡πå‡∏ä‡∏∞‡∏•‡∏≠‡∏Ñ‡∏ß‡∏≤‡∏°‡πÅ‡∏Å‡πàStemcell‡πÅ‡∏•‡∏∞‡∏≠‡∏∑‡πà‡∏ô‡πÜ‡∏≠‡∏µ‡∏Å‡∏°‡∏≤‡∏Å‡∏°‡∏≤‡∏¢   ,0997874898,athipan01@gmail.com,18,10
http://ledooze.lnwshop.com/,https://aa.lnwfile.com/_resize_images/300/300/9p/ue/e5.jpg,Le-dooze,    Le-dooze  ‡∏™‡∏ö‡∏π‡πà‡∏°‡∏≤‡∏£‡πå‡∏Ñ‡∏´‡∏ô‡πâ‡∏≤3in1   ,0868630730,komjitkrub@gmail.com,5,4
http://buyandplay.lnwshop.com/,https://du.lnwfile.com/_resize_images/300/300/8t/g5/8i.jpg,Buy & Play,    Buy&Play  ‡∏ö‡∏≤‡∏¢‡πÅ‡∏≠‡∏ô‡∏î‡πå‡πÄ‡∏û‡∏•‡∏¢‡πå‡∏à‡∏≥‡∏´‡∏ô‡πà‡∏≤‡∏¢‡∏Ç‡∏≠‡∏á‡πÄ‡∏•‡πà‡∏ô‡πÄ‡∏î‡πá‡∏Å‡πÄ‡∏•‡πá‡∏Å‡πÄ‡∏î‡πá‡∏Å‡πÇ‡∏ï‡∏Ç‡∏≠‡∏á‡∏™‡∏∞‡∏™‡∏°‡πÇ‡∏°‡πÄ‡∏î‡∏•‡πÅ‡∏•‡∏∞‡∏≠‡∏∏‡∏õ‡∏Å‡∏£‡∏ì‡πå‡πÄ‡∏™‡∏£‡∏¥‡∏°‡∏ï‡πà‡∏≤‡∏á‡πÜ‡∏ó‡∏±‡πâ‡∏á‡∏õ‡∏•‡∏µ‡∏Å‡πÅ‡∏•‡∏∞‡∏™‡πà‡∏á‡∏à‡∏±‡∏î‡∏™‡πà‡∏á‡∏™‡∏¥‡∏ô‡∏Ñ‡πâ‡∏≤‡∏ó‡∏≤‡∏á‡πÑ‡∏õ‡∏£‡∏©‡∏ì‡∏µ‡∏¢‡πå‡∏ó‡∏∏‡∏Å‡∏ß‡∏±‡∏ô‡∏à‡∏±‡∏ô‡∏ó‡∏£‡πå-‡πÄ‡∏™‡∏≤‡∏£‡πå‡∏ß‡∏±‡∏ô‡∏•‡∏∞2‡∏£‡∏≠‡∏ö‡∏ï‡∏¥‡∏î‡∏ï‡∏≤‡∏°‡πÄ‡∏û‡∏à‡∏£‡πâ‡∏≤‡∏ô‡∏Ñ‡πâ‡∏≤‡πÑ‡∏î‡πâ‡πÉ‡∏ô‡πÄ‡∏ü‡∏™‡∏ö‡∏∏‡∏ÑBuy‚Ä¶   ,0923105142,shoplalada@gmail.com,4,4
http://www.isza.biz/,https://www.lnwshop.com/images/noAvatarShop.png,isza,    isza  ISZA‡∏≠‡∏≤‡∏´‡∏≤‡∏£‡πÄ‡∏™‡∏£‡∏¥‡∏°‡πÅ‡∏ô‡∏ß‡∏Ñ‡∏¥‡∏î‡πÉ‡∏´‡∏°‡πà‡∏Å‡∏•‡πà‡∏≠‡∏á‡πÄ‡∏î‡∏µ‡∏¢‡∏ß‡∏Ñ‡∏£‡∏ö‡∏Ñ‡∏∏‡∏ì‡∏Ñ‡πà‡∏≤‡∏ó‡∏±‡πâ‡∏á‡∏î‡∏µ‡∏ó‡πá‡∏≠‡∏Å‡∏ã‡πå‡∏ú‡∏¥‡∏ß‡∏Ç‡∏≤‡∏ß‡πÉ‡∏™‡πÅ‡∏•‡∏∞‡∏Ñ‡∏ß‡∏ö‡∏Ñ‡∏∏‡∏°‡∏ô‡πâ‡∏≥‡∏´‡∏ô‡∏±‡∏Å‡∏ó‡∏±‡πâ‡∏á‡∏ö‡∏•‡πá‡∏≠‡∏Å‡πÅ‡∏•‡∏∞‡πÄ‡∏ö‡∏¥‡∏£‡πå‡∏ô   ,,,,
http://www.siam-goji.com/,https://aa.lnwfile.com/_resize_images/300/300/dd/nq/tx.jpg,Max ‡πÇ‡∏Å‡∏à‡∏¥‡πÄ‡∏ö‡∏≠‡∏£‡πå‡∏£‡∏µ‡πà,    Max‡πÇ‡∏Å‡∏à‡∏¥‡πÄ‡∏ö‡∏≠‡∏£‡πå‡∏£‡∏µ‡πà  ‡∏ú‡∏•‡πÇ‡∏Å‡∏à‡∏¥‡πÄ‡∏ö‡∏≠‡∏£‡πå‡∏£‡∏µ‡πà‡πÄ‡∏õ‡πá‡∏ô‡∏™‡∏∏‡∏î‡∏¢‡∏≠‡∏î‡∏≠‡∏≤‡∏´‡∏≤‡∏£‡∏•‡∏î‡∏Ñ‡∏ß‡∏≤‡∏°‡∏≠‡πâ‡∏ß‡∏ô‡πÄ‡∏´‡∏°‡∏≤‡∏∞‡∏™‡∏≥‡∏´‡∏£‡∏±‡∏ö‡∏™‡∏≤‡∏ß‡πÜ‡∏ó‡∏µ‡πà‡∏Å‡∏≥‡∏•‡∏±‡∏á‡∏ï‡πâ‡∏≠‡∏á‡∏Å‡∏≤‡∏£‡∏•‡∏î‡∏Ñ‡∏ß‡∏≤‡∏°‡∏≠‡πâ‡∏ß‡∏ô‡πÅ‡∏ï‡πà‡∏ä‡∏≠‡∏ö‡∏Å‡∏≤‡∏£‡∏£‡∏±‡∏ö‡∏õ‡∏£‡∏∞‡∏ó‡∏≤‡∏ô‡πÄ‡∏û‡∏£‡∏≤‡∏∞‡πÇ‡∏Å‡∏à‡∏¥‡πÄ‡∏ö‡∏≠‡∏£‡πå‡∏£‡∏µ‡πà‡∏°‡∏µ‡πÑ‡∏ü‡πÄ‡∏ö‡∏≠‡∏£‡πå‡∏™‡∏π‡∏á(21%)‡∏ä‡πà‡∏ß‡∏¢‡∏Ç‡∏±‡∏ö‡∏ñ‡πà‡∏≤‡∏¢‡∏Ç‡∏à‡∏±‡∏î‡πÑ‡∏Ç‡∏°‡∏±‡∏ô‡πÉ‡∏ô‡∏•‡∏≥‡πÑ‡∏™‡πâ‡∏°‡∏µ‡∏õ‡∏£‡∏¥‡∏°‡∏≤‡∏ì‡∏ô‡πâ‡∏≥‡∏ï‡∏≤‡∏•‡∏ï‡πà‡∏≥‡∏Å‚Ä¶   ,085376944,sayfa_2626@hotmail.co.th,89,44
http://giftvouchermajor.lnwshop.com/,https://www.lnwshop.com/images/noAvatarShop.png,Gift Voucher Major / EGV / paragon,    GiftVoucherMajor/EGV/paragon  giftvouchermajor   ,,,,
http://1choice.lnwshop.com/,https://www.lnwshop.com/images/noAvatarShop.png,1Choice,    1Choice  ‡∏Ç‡∏≤‡∏¢‡∏õ‡∏•‡∏µ‡∏Å-‡∏™‡πà‡∏á‡∏≠‡∏∏‡∏õ‡∏Å‡∏£‡∏ì‡πå‡∏≠‡∏¥‡πÄ‡∏•‡∏Ñ‡πÇ‡∏ó‡∏£‡∏ô‡∏¥‡∏Ñ   ,0993959994,onechoice8008@gmail.com,1,1
http://beautymagnet1.lnwshop.com/,https://aa.lnwfile.com/_resize_images/300/300/5b/ai/dw.jpg,beautymagnet.com,    beautymagnet.com  ‡∏à‡∏≥‡∏´‡∏ô‡πà‡∏≤‡∏¢‡πÄ‡∏Ñ‡∏£‡∏∑‡πà‡∏≠‡∏á‡∏™‡∏≥‡∏≠‡∏≤‡∏á‡πÅ‡∏ö‡∏£‡∏ô‡∏î‡πå‡πÄ‡∏ô‡∏°‡πÑ‡∏ó‡∏¢‡πÅ‡∏•‡∏∞‡∏ï‡πà‡∏≤‡∏á‡∏õ‡∏£‡∏∞‡πÄ‡∏ó‡∏®‡∏õ‡∏•‡∏µ‡∏Å-‡∏™‡πà‡∏á‡∏•‡∏î‡∏™‡∏π‡∏á‡∏™‡∏∏‡∏î30-50%LINE:0821202464   ,0821202464,‡∏∑natwaran.gis@gmail.com,8,7
http://chickyclub.lnwshop.com/,https://www.lnwshop.com/images/noAvatarShop.png,smilepreorder,    smilepreorder  ‡∏à‡∏≥‡∏´‡∏ô‡πà‡∏≤‡∏¢‡∏™‡∏¥‡∏ô‡∏Ñ‡πâ‡∏≤‡πÅ‡∏ü‡∏ä‡∏±‡πà‡∏ô‡∏û‡∏£‡∏µ‡∏≠‡∏≠‡πÄ‡∏î‡∏≠‡∏£‡πå‡∏£‡∏≠‡∏™‡∏¥‡∏ô‡∏Ñ‡πâ‡∏≤20‡∏ß‡∏±‡∏ô‡∏´‡∏•‡∏±‡∏á‡∏õ‡∏¥‡∏î‡∏£‡∏≠‡∏ö‡∏°‡∏µ‡∏ö‡∏£‡∏¥‡∏Å‡∏≤‡∏£Dropship   ,0823148030,smilepreorder@gmail.com,4,4
http://japansnack.lnwshop.com/,https://www.lnwshop.com/images/noAvatarShop.png,‡∏Ç‡∏ô‡∏°‡∏ç‡∏µ‡πà‡∏õ‡∏∏‡πà‡∏ô ‡∏Ç‡∏≠‡∏á‡πÄ‡∏•‡πà‡∏ô‡∏ç‡∏µ‡πà‡∏õ‡∏∏‡πà‡∏ô,    ‡∏Ç‡∏ô‡∏°‡∏ç‡∏µ‡πà‡∏õ‡∏∏‡πà‡∏ô‡∏Ç‡∏≠‡∏á‡πÄ‡∏•‡πà‡∏ô‡∏ç‡∏µ‡πà‡∏õ‡∏∏‡πà‡∏ô  ‡∏Ç‡∏ô‡∏°‡∏ç‡∏µ‡πà‡∏õ‡∏∏‡πà‡∏ô‡∏Ç‡∏ô‡∏°‡∏ç‡∏µ‡πà‡∏õ‡∏∏‡πà‡∏ô‡∏ô‡∏≥‡πÄ‡∏Ç‡πâ‡∏≤‡∏Ç‡∏ô‡∏°‡∏ç‡∏µ‡πà‡∏õ‡∏∏‡πà‡∏ô‡∏£‡∏≤‡∏Ñ‡∏≤‡∏ñ‡∏π‡∏Å‡∏Ç‡∏ô‡∏°‡∏ç‡∏µ‡πà‡∏õ‡∏∏‡πà‡∏ô‡∏™‡∏∏‡∏î‡∏Æ‡∏¥‡∏ï‡∏Ç‡∏ô‡∏°‡∏ç‡∏µ‡πà‡∏õ‡∏∏‡πà‡∏ô‡∏ó‡∏≥‡πÄ‡∏≠‡∏á‡∏Ç‡∏ô‡∏°‡∏ç‡∏µ‡πà‡∏õ‡∏∏‡πà‡∏ô‡∏û‡∏£‡πâ‡∏≠‡∏°‡∏™‡πà‡∏á‡∏Ç‡∏ô‡∏°‡∏ó‡∏≥‡πÄ‡∏≠‡∏á‡∏ä‡πá‡∏≠‡∏Å‡πÇ‡∏Å‡πÅ‡∏•‡∏ï‡πÄ‡∏ã‡∏≠‡∏£‡πå‡πÑ‡∏û‡∏£‡πå‡πÑ‡∏Ç‡πà‡πÄ‡∏ã‡∏≠‡∏£‡πå‡πÑ‡∏û‡∏£‡πå‡πÑ‡∏Ç‡πà‡∏Ç‡∏µ‡πâ‡πÄ‡∏Å‡∏µ‡∏¢‡∏à‡∏û‡∏∏‡∏î‡∏î‡∏¥‡πâ‡∏á‡πÑ‡∏Ç‡πà‡∏Ç‡∏µ‡πâ‡πÄ‡∏Å‡∏µ‡∏¢‡∏à   ,,,5,5
http://dressing999.lnwshop.com/,https://www.lnwshop.com/images/noAvatarShop.png,‡πÅ‡∏ü‡∏ä‡∏±‡πà‡∏ô‡πÄ‡∏Å‡∏≤‡∏´‡∏•‡∏µ,    ‡πÅ‡∏ü‡∏ä‡∏±‡πà‡∏ô‡πÄ‡∏Å‡∏≤‡∏´‡∏•‡∏µ  ‡∏à‡∏≥‡∏´‡∏ô‡πà‡∏≤‡∏¢‡πÄ‡∏™‡∏∑‡πâ‡∏≠‡∏ú‡πâ‡∏≤‡πÅ‡∏ü‡∏ä‡∏±‡πà‡∏ô‡πÅ‡∏•‡∏∞‡πÄ‡∏Ñ‡∏£‡∏∑‡πà‡∏≠‡∏á‡∏™‡∏≥‡∏≠‡∏≤‡∏á‡∏Ñ‡πå‡∏ó‡∏∏‡∏Å‡∏ä‡∏ô‡∏¥‡∏î‡∏û‡∏£‡πâ‡∏≠‡∏°‡∏™‡πà‡∏á‡∏ô‡∏∞‡∏Ñ‡πà‡∏∞‡∏≠‡∏±‡∏û‡πÄ‡∏î‡∏™‡∏ó‡∏∏‡∏Å‡∏ß‡∏±‡∏ô‡∏à‡πâ‡∏≤2‡∏ä‡∏∏‡∏î‡∏™‡πà‡∏á‡∏ü‡∏£‡∏µEMS‡∏à‡πâ‡∏≤‡πÇ‡∏≠‡∏ô=‡∏à‡∏≠‡∏á‡∏ô‡∏∞‡∏Ñ‡πà‡∏∞‡πÑ‡∏î‡πâ‡∏£‡∏±‡∏ö‡∏Ç‡∏≠‡∏á‡πÅ‡∏ô‡πà‡∏ô‡∏≠‡∏ô‡∏à‡πâ‡∏≤   ,0872791326,aaaaa_13082527@hotmail.com,9,6
http://hugmeplz.lnwshop.com/,https://du.lnwfile.com/_resize_images/300/300/7j/w4/rw.png,HugMe.plz,    HugMe.plz  ‡∏£‡πâ‡∏≤‡∏ôHugMe.Plz‡∏à‡∏±‡∏î‡∏à‡∏≥‡∏´‡∏ô‡πà‡∏≤‡∏¢‡∏ï‡∏∏‡πä‡∏Å‡∏ï‡∏≤‡∏û‡∏ß‡∏á‡∏Å‡∏∏‡∏ç‡πÅ‡∏à‡∏´‡∏°‡∏≠‡∏ô‡∏£‡∏≠‡∏á‡∏Ñ‡∏≠‡∏´‡∏°‡∏≠‡∏ô‡∏ú‡πâ‡∏≤‡∏´‡πà‡∏°‡∏£‡∏≤‡∏Ñ‡∏≤‡∏ñ‡∏π‡∏Å‡∏Ñ‡∏∏‡∏ì‡∏†‡∏≤‡∏û‡πÄ‡∏ï‡πá‡∏°‡∏™‡∏¥‡∏ö   ,0618936101,hugmeplz.shop@gmail.com,45,15
http://damkao.lnwshop.com/,https://du.lnwfile.com/_resize_images/300/300/qs/pu/en.jpg,‡∏£‡πâ‡∏≤‡∏ô‡∏î‡∏≥‡∏Ç‡∏≤‡∏ß ‡πÄ‡∏™‡∏∑‡πâ‡∏≠‡∏•‡∏≤‡∏¢‡∏Ç‡∏ß‡∏≤‡∏á,    ‡∏£‡πâ‡∏≤‡∏ô‡∏î‡∏≥‡∏Ç‡∏≤‡∏ß‡πÄ‡∏™‡∏∑‡πâ‡∏≠‡∏•‡∏≤‡∏¢‡∏Ç‡∏ß‡∏≤‡∏á  ‡∏à‡∏≥‡∏´‡∏ô‡πà‡∏≤‡∏¢‡∏õ‡∏•‡∏µ‡∏Å-‡∏™‡πà‡∏á‡πÄ‡∏™‡∏∑‡πâ‡∏≠‡∏¢‡∏∑‡∏î‡∏•‡∏≤‡∏¢‡∏Ç‡∏ß‡∏≤‡∏á‡πÄ‡∏™‡∏∑‡πâ‡∏≠‡∏¢‡∏∑‡∏î‡∏•‡∏≤‡∏¢‡∏ó‡∏≤‡∏á‡πÄ‡∏™‡∏∑‡πâ‡∏≠‡∏¢‡∏∑‡∏î‡∏•‡∏≤‡∏¢‡∏£‡∏¥‡πâ‡∏ß   ,0830693442,42okok@gmail.com,12,11
http://beautyplusbywipada.lnwshop.com/,https://dt.lnwfile.com/_resize_images/300/300/5b/4n/pt.jpg,‡∏ô.‡∏™.‡∏ß‡∏¥‡∏†‡∏≤‡∏î‡∏≤ ‡∏™‡∏±‡∏Å‡∏î‡∏µ‡∏Å‡∏∏‡∏•,    ‡∏ô.‡∏™.‡∏ß‡∏¥‡∏†‡∏≤‡∏î‡∏≤‡∏™‡∏±‡∏Å‡∏î‡∏µ‡∏Å‡∏∏‡∏•  ‡∏Ñ‡πà‡∏≤‡∏à‡∏±‡∏î‡∏™‡πà‡∏á30‡∏ø‡∏ó‡∏∏‡∏Å‡∏≠‡∏≠‡πÄ‡∏î‡∏≠‡∏£‡πå(EMS)   ,08-0807-7412,wipadasakdeekul@gmail.com,22,13
http://minpola.lnwshop.com/,https://aa.lnwfile.com/_resize_images/300/300/hq/v8/hb.gif,‡∏™‡∏ö‡∏π‡πà‡∏ô‡πâ‡∏≥‡∏ô‡∏°‡∏Ç‡πâ‡∏≤‡∏ß,    ‡∏™‡∏ö‡∏π‡πà‡∏ô‡πâ‡∏≥‡∏ô‡∏°‡∏Ç‡πâ‡∏≤‡∏ß  ‡∏™‡∏ö‡∏π‡πà‡∏ô‡πâ‡∏≥‡∏ô‡∏°‡∏Ç‡πâ‡∏≤‡∏ß‡∏Ç‡∏≤‡∏ß‡πÉ‡∏™‡πÄ‡∏ô‡∏µ‡∏¢‡∏ô‡πÑ‡∏£‡πâ‡∏™‡∏¥‡∏ß‡πÑ‡∏£‡πâ‡∏£‡∏¥‡πâ‡∏ß‡∏£‡∏≠‡∏¢   ,0901174176,minpola2558@gmail.com,4,2
http://gobaeshop85.lnwshop.com/,https://aa.lnwfile.com/_resize_images/300/300/a3/dg/bm.png,‡πÇ‡∏Å‡πÄ‡∏öShop‡∏ä‡∏∏‡∏î‡∏≠‡∏≠‡∏Å‡∏Å‡∏≥‡∏•‡∏±‡∏á‡∏Å‡∏≤‡∏¢‡∏ü‡∏¥‡∏ï‡πÄ‡∏ô‡∏™-‡πÇ‡∏¢‡∏Ñ‡∏∞‡∏Ñ‡∏∏‡∏ì‡∏†‡∏≤‡∏û‡∏£‡∏≤‡∏Ñ‡∏≤‡∏ñ‡∏π‡∏Å,    ‡πÇ‡∏Å‡πÄ‡∏öShop‡∏ä‡∏∏‡∏î‡∏≠‡∏≠‡∏Å‡∏Å‡∏≥‡∏•‡∏±‡∏á‡∏Å‡∏≤‡∏¢‡∏ü‡∏¥‡∏ï‡πÄ‡∏ô‡∏™-‡πÇ‡∏¢‡∏Ñ‡∏∞‡∏Ñ‡∏∏‡∏ì‡∏†‡∏≤‡∏û‡∏£‡∏≤‡∏Ñ‡∏≤‡∏ñ‡∏π‡∏Å  ‡∏à‡∏≥‡∏´‡∏ô‡πà‡∏≤‡∏¢‡∏ä‡∏∏‡∏î‡∏≠‡∏≠‡∏Å‡∏Å‡∏≥‡∏•‡∏±‡∏á‡∏Å‡∏≤‡∏¢‡∏ü‡∏¥‡∏ï‡πÄ‡∏ô‡∏™‡πÇ‡∏¢‡∏Ñ‡∏∞‡∏Ñ‡∏∏‡∏ì‡∏†‡∏≤‡∏û‡∏£‡∏≤‡∏Ñ‡∏≤‡∏Å‡∏±‡∏ô‡πÄ‡∏≠‡∏á‡∏à‡∏±‡∏î‡∏™‡πà‡∏á‡∏ó‡∏±‡πà‡∏ß‡∏õ‡∏£‡∏∞‡πÄ‡∏ó‡∏®   ,0800338873,kenji_phr@hotmail.com,3,3
http://7sede-thailand.lnwshop.com/,https://www.lnwshop.com/images/noAvatarShop.png,7seed,    7seed  ‡∏ö‡∏£‡∏¥‡∏Å‡∏≤‡∏£‡∏°‡∏±‡πà‡∏ô‡πÉ‡∏à‡∏™‡∏¥‡∏ô‡∏Ñ‡πâ‡∏≤‡πÅ‡∏ó‡πâ‡∏£‡∏≤‡∏Ñ‡∏≤‡πÄ‡∏õ‡πá‡∏ô‡∏Å‡∏±‡∏ô‡πÄ‡∏≠‡∏á‡∏õ‡∏•‡∏≠‡∏î‡∏†‡∏±‡∏¢‡∏£‡πâ‡∏≠‡∏¢‡πÄ‡∏õ‡∏≠‡∏£‡πå‡πÄ‡∏ã‡πá‡∏ô‡∏ï‡πå‡∏°‡∏µ‡∏≠‡∏¢.‡∏£‡∏±‡∏ö‡∏£‡∏≠‡∏á   ,0867909906,ai.deenetwork@gmail.com,5,3
http://anparts49.lnwshop.com/,https://www.lnwshop.com/images/noAvatarShop.png,AN PARTS Motorcycle,    ANPARTSMotorcycle  ‡πÇ‡∏ã‡πà-‡∏™‡πÄ‡∏ï‡∏≠‡∏£‡πå‡∏õ‡∏•‡∏±‡πä‡∏Å‡πÄ‡∏û‡∏¥‡πà‡∏°‡∏Å‡∏£‡∏∞‡πÅ‡∏™‡πÑ‡∏ü‡∏´‡∏±‡∏ß‡πÄ‡∏ó‡∏µ‡∏¢‡∏ô‡∏•‡∏π‡∏Å‡∏™‡∏π‡∏ö‡πÅ‡∏•‡∏∞‡∏≠‡∏∑‡πà‡∏ô‡πÜ   ,084-933-7011 / 062-464-2918,sriwanpia_aa@hotmail.com,47,23
http://hanafashion-kawaii.lnwshop.com/,https://www.lnwshop.com/images/noAvatarShop.png,Hana Fashion,    HanaFashion  ‡∏à‡∏≥‡∏´‡∏ô‡πà‡∏≤‡∏¢‡πÄ‡∏™‡∏∑‡πâ‡∏≠‡∏ú‡πâ‡∏≤‡πÅ‡∏ü‡∏ä‡∏±‡πà‡∏ô‡∏ô‡∏≥‡πÄ‡∏Ç‡πâ‡∏≤‡πÅ‡∏ü‡∏ä‡∏±‡πà‡∏ô‡∏ô‡∏≥‡πÄ‡∏Ç‡πâ‡∏≤‡πÅ‡∏ü‡∏ä‡∏±‡πà‡∏ô‡πÄ‡∏Å‡∏≤‡∏´‡∏•‡∏µ‡πÅ‡∏ü‡∏ä‡∏±‡πà‡∏ô‡∏ç‡∏µ‡πà‡∏õ‡∏∏‡πà‡∏ô‡∏£‡∏≤‡∏Ñ‡∏≤‡∏ñ‡∏π‡∏Å‡∏£‡∏≤‡∏Ñ‡∏≤‡πÄ‡∏ö‡∏≤‡πÜ‡∏£‡∏≤‡∏Ñ‡∏≤‡∏™‡∏ö‡∏≤‡∏¢‡∏Å‡∏£‡∏∞‡πÄ‡∏õ‡πã‡∏≤‡∏™‡∏¥‡∏ô‡∏Ñ‡πâ‡∏≤:‡πÄ‡∏™‡∏∑‡πâ‡∏≠|‡∏Å‡∏≤‡∏á‡πÄ‡∏Å‡∏á|‡∏Å‡∏£‡∏∞‡πÇ‡∏õ‡∏£‡∏á|‡πÄ‡∏î‡∏£‡∏™   ,0817508061,doomo18@hotmail.com,65,56
http://homebeer-online.lnwshop.com/,https://aa.lnwfile.com/_resize_images/300/300/t5/ft/zc.jpg,‡πáHomeBeer online,    ‡πáHomeBeeronline  ‡∏à‡∏≥‡∏´‡∏ô‡πà‡∏≤‡∏¢‡πÄ‡∏ö‡∏µ‡∏¢‡∏£‡πå‡∏ô‡∏≠‡∏Å‡∏ô‡∏≥‡πÄ‡∏Ç‡πâ‡∏≤PaulanerFullerHacker-Pschorronline   ,0818548310,somkiatplodnui@gmail.com,313,102
http://skincareshop24.lnwshop.com/,https://www.lnwshop.com/images/noAvatarShop.png,SkinCareShop24,    SkinCareShop24  ‡∏™‡∏∏‡∏Ç‡∏†‡∏≤‡∏û‡∏Ñ‡∏ß‡∏≤‡∏°‡∏≤‡∏°   ,,,4,4
http://ratchapol.lnwshop.com/,https://www.lnwshop.com/images/noAvatarShop.png,Auudshop,    Auudshop  ‡∏à‡∏≥‡∏´‡∏ô‡πà‡∏≤‡∏¢‡∏ú‡∏•‡∏¥‡∏ï‡∏†‡∏±‡∏ì‡∏ë‡πåjeunesse‡πÄ‡∏û‡∏∑‡πà‡∏≠‡∏Å‡∏≤‡∏£‡∏¢‡πâ‡∏≠‡∏¢‡∏ß‡∏±‡∏¢‡∏ó‡∏µ‡πà‡∏°‡∏µ‡∏™‡πà‡∏ß‡∏ô‡∏ú‡∏™‡∏°‡∏Ç‡∏≠‡∏á‡∏™‡πÄ‡∏ï‡πá‡∏°‡πÄ‡∏ã‡∏•‡∏™‡πå‡∏°‡∏ô‡∏∏‡∏©‡∏¢‡πå1‡πÄ‡∏î‡∏µ‡∏¢‡∏ß‡πÉ‡∏ô‡πÇ‡∏•‡∏Å‡∏Ç‡∏≠‡∏á‡∏ö‡∏£‡∏¥‡∏©‡∏±‡∏ójeunesse‡∏ô‡∏≥‡πÄ‡∏Ç‡πâ‡∏≤‡∏à‡∏≤‡∏Å‡∏≠‡πÄ‡∏°‡∏£‡∏¥‡∏Å‡∏≤‡πÅ‡∏•‡∏∞‡∏£‡∏±‡∏ö‡∏ï‡∏±‡∏ß‡πÅ‡∏ó‡∏ô‡∏à‡∏≥‡∏´‡∏ô‡πà‡∏≤‡∏¢‡∏ó‡∏±‡πà‡∏ß‡πÇ‡∏•‡∏Å   ,0613977733,auud_ratchapol@hotmail.com,32,29
http://atpherb.lnwshop.com/,https://aa.lnwfile.com/_resize_images/300/300/r0/ss/7u.jpg,ATP Natural Herb by Natkritta,    ATPNaturalHerbbyNatkritta  ‡∏à‡∏≥‡∏´‡∏ô‡πà‡∏≤‡∏¢‡∏™‡∏¥‡∏ô‡∏Ñ‡πâ‡∏≤‡πÄ‡∏û‡∏∑‡πà‡∏≠‡∏™‡∏∏‡∏Ç‡∏†‡∏≤‡∏û‡∏Ç‡∏≠‡∏á‡πÅ‡∏ó‡πâ‡∏£‡∏≤‡∏Ñ‡∏≤‡∏ñ‡∏∏‡∏Å‡∏û‡∏£‡πâ‡∏≠‡∏°‡∏ó‡∏µ‡∏°‡∏á‡∏≤‡∏ô‡∏î‡∏π‡πÅ‡∏•‡∏≠‡∏¢‡πà‡∏≤‡∏á‡∏°‡∏∑‡∏≠‡∏≠‡∏≤‡∏ä‡∏µ‡∏û   ,0948823623, 0616265144,natkritta.m@hotmail.com,4,3
http://direction-1992.lnwshop.com/,https://www.lnwshop.com/images/noAvatarShop.png,Direction1992,    Direction1992  totebagcanvas100%14Oz‡∏Ç‡∏ô‡∏≤‡∏î16*13incStringbagcanvas100%12Oz‡∏Ç‡∏ô‡∏≤‡∏î50*38cm‡∏°‡∏µ‡∏ã‡∏±‡∏ö‡πÉ‡∏ô‡∏≠‡∏¢‡πà‡∏≤‡∏á‡∏î‡∏µ‡∏°‡∏µ‡∏ä‡πà‡∏≠‡∏á‡πÉ‡∏™‡πà‡∏Ç‡∏≠‡∏á‡∏î‡πâ‡∏≤‡∏ô‡πÉ‡∏ô‡∏™‡∏ô‡πÉ‡∏à‡∏ï‡∏¥‡∏î‡∏ï‡πà‡∏≠Line:oranza_ozIG.:Direction_1992Tel.:094-5‚Ä¶   ,0945526293,m_mj065@hotmail.com,19,5
http://misszaza.lnwshop.com/,https://du.lnwfile.com/_resize_images/300/300/sy/ek/8e.jpg,Miss Zaza: Handcrafted Jewelry,    MissZaza:HandcraftedJewelry  ‡πÄ‡∏Ñ‡∏£‡∏∑‡πà‡∏≠‡∏á‡∏õ‡∏£‡∏∞‡∏î‡∏±‡∏ö‡πÅ‡∏Æ‡∏ô‡∏î‡πå‡πÄ‡∏°‡∏î‡∏™‡∏∏‡∏î‡∏ä‡∏¥‡∏Ñ‡πÄ‡∏Å‡πã‡πÑ‡∏Å‡πã‡πÑ‡∏°‡πà‡∏ã‡πâ‡∏≥‡πÉ‡∏Ñ‡∏£   ,0805781703,misszaza.jewelry@gmail.com,71,26
http://angelicshop.lnwshop.com/,https://du.lnwfile.com/_resize_images/300/300/nh/o7/mb.jpg,Angelicshop,    Angelicshop  ‡∏à‡∏≥‡∏´‡∏ô‡πà‡∏≤‡∏¢‡∏™‡∏¥‡∏ô‡∏Ñ‡πâ‡∏≤‡πÅ‡∏ü‡∏ä‡∏±‡πà‡∏ô‡∏Ñ‡∏∏‡∏ì‡∏†‡∏≤‡∏û‡∏î‡∏µ‡∏£‡∏≤‡∏Ñ‡∏≤‡∏ñ‡∏π‡∏Å   ,,,18,14
http://www.kitodetox.com/,https://aa.lnwfile.com/_resize_images/300/300/8d/qr/lv.jpg,‡∏≠‡∏≤‡∏´‡∏≤‡∏£‡πÄ‡∏™‡∏£‡∏¥‡∏°‡∏•‡∏î‡∏ô‡πâ‡∏≥‡∏´‡∏ô‡∏±‡∏Å Kito Detox,    ‡∏≠‡∏≤‡∏´‡∏≤‡∏£‡πÄ‡∏™‡∏£‡∏¥‡∏°‡∏•‡∏î‡∏ô‡πâ‡∏≥‡∏´‡∏ô‡∏±‡∏ÅKitoDetox  ‡∏Ç‡∏≤‡∏¢‡∏≠‡∏≤‡∏´‡∏≤‡∏£‡πÄ‡∏™‡∏£‡∏¥‡∏°‡∏•‡∏î‡∏ô‡πâ‡∏≥‡∏´‡∏ô‡∏±‡∏ÅKitoDetox‡∏£‡∏≤‡∏Ñ‡∏≤‡∏ñ‡∏π‡∏Å‡∏õ‡∏•‡∏µ‡∏Å-‡∏™‡πà‡∏á‡∏£‡∏±‡∏ö‡∏™‡∏°‡∏±‡∏Ñ‡∏£‡∏ï‡∏±‡∏ß‡πÅ‡∏ó‡∏ô‡∏≠‡∏≤‡∏´‡∏≤‡∏£‡πÄ‡∏™‡∏£‡∏¥‡∏°‡∏•‡∏î‡∏ô‡πâ‡∏≥‡∏´‡∏ô‡∏±‡∏Å‡∏¢‡∏µ‡πà‡∏´‡πâ‡∏≠‡πÄ‡∏î‡∏µ‡∏¢‡∏ß‡∏ó‡∏µ‡πà‡πÑ‡∏£‡πâ‡∏™‡∏≤‡∏£‡∏Å‡∏î‡∏õ‡∏£‡∏∞‡∏™‡∏≤‡∏ó‡∏ú‡∏•‡∏¥‡∏ï‡πÅ‡∏•‡∏∞‡∏Ñ‡∏ß‡∏ö‡∏Ñ‡∏∏‡∏°‡∏Å‡∏≤‡∏£‡∏ú‡∏•‡∏¥‡∏ï‡πÇ‡∏î‡∏¢‡πÄ‡∏†‡∏™‡∏±‡∏ä‡∏à‡∏∏‡∏¨‡∏≤‡∏ï‡∏¥‡∏î‡∏ï‡πà‡∏≠Tel:094-1949116Lineid:‚Ä¶   ,0941949116,99healthcareshop@gmail.com,,
http://powderpuffshop.lnwshop.com/,https://www.lnwshop.com/images/noAvatarShop.png,PowderPuff Shop,    PowderPuffShop  ‡πÄ‡∏Ñ‡∏£‡∏∑‡πà‡∏≠‡∏á‡∏™‡∏≥‡∏≠‡∏≤‡∏á‡∏Ñ‡πå‡πÄ‡∏Å‡∏≤‡∏´‡∏•‡∏µ‡∏û‡∏£‡πâ‡∏≠‡∏°‡∏™‡πà‡∏á-‡∏û‡∏£‡∏µ‡∏≠‡∏≠‡πÄ‡∏î‡∏≠‡∏£‡πå‡∏£‡∏≤‡∏Ñ‡∏≤‡∏ñ‡∏π‡∏Å‡∏Ç‡∏≠‡∏á‡πÅ‡∏ó‡πâ100%   ,087-5529191,nupatcyza@gmail.com,30,21
http://p-phone.lnwshop.com/,https://www.lnwshop.com/images/noAvatarShop.png,P-PHONE ‡∏≠‡∏∏‡∏õ‡∏Å‡∏£‡∏ì‡πå‡πÄ‡∏™‡∏£‡∏¥‡∏°,    P-PHONE‡∏≠‡∏∏‡∏õ‡∏Å‡∏£‡∏ì‡πå‡πÄ‡∏™‡∏£‡∏¥‡∏°  ‡∏•‡∏≥‡πÇ‡∏û‡∏á‡∏ö‡∏•‡∏π‡∏ó‡∏π‡∏ò‡∏´‡∏π‡∏ü‡∏±‡∏á‡∏ö‡∏•‡∏π‡∏ó‡∏π‡∏ò‡∏™‡∏≤‡∏ö‡∏ä‡∏≤‡∏£‡πå‡∏à‡πÅ‡∏ó‡∏ô‡∏ä‡∏≤‡∏£‡πå‡∏à‡∏Å‡∏•‡πâ‡∏≠‡∏á‡∏ï‡∏¥‡∏î‡∏£‡∏ñ‡∏Å‡∏•‡πâ‡∏≠‡∏á‡∏Å‡∏±‡∏ô‡∏ô‡πâ‡∏≥‡πÄ‡∏Ñ‡∏™‡πÇ‡∏ó‡∏£‡∏®‡∏±‡∏û‡∏ó‡πå‡∏≠‡∏∏‡∏õ‡∏Å‡∏£‡∏ì‡πå‡πÄ‡∏™‡∏£‡∏¥‡∏°‡∏ï‡πà‡∏≤‡∏á‡πÑ   ,0861193371,Chanapat1990@gmail.com,56,36
http://bedforhealth.lnwshop.com/,https://www.lnwshop.com/images/noAvatarShop.png,Bed For Health,    BedForHealth  ‡∏ó‡∏µ‡πà‡∏ô‡∏≠‡∏ô‡∏•‡∏°/‡πÄ‡∏ï‡∏µ‡∏¢‡∏á‡∏•‡∏°‡πÄ‡∏û‡∏∑‡πà‡∏≠‡∏õ‡πâ‡∏≠‡∏á‡∏Å‡∏±‡∏ô‡∏Å‡∏≤‡∏£‡∏Å‡∏î‡∏ó‡∏±‡∏ö‡∏™‡∏≥‡∏´‡∏£‡∏±‡∏ö‡∏ú‡∏π‡πâ‡∏õ‡πà‡∏ß‡∏¢‡∏ú‡∏π‡πâ‡∏™‡∏π‡∏á‡∏≠‡∏≤‡∏¢‡∏∏‡∏ó‡∏µ‡πà‡∏ï‡πâ‡∏≠‡∏á‡∏ô‡∏≠‡∏ô‡∏Å‡∏±‡∏ö‡πÄ‡∏ï‡∏µ‡∏¢‡∏á‡πÄ‡∏õ‡πá‡∏ô‡πÄ‡∏ß‡∏•‡∏≤‡∏ô‡∏≤‡∏ô   ,0963596497,,164,106
http://www.truckscale-center.com/,https://du.lnwfile.com/_resize_images/300/300/c9/fo/yk.png,‡πÄ‡∏Ñ‡∏£‡∏∑‡πà‡∏≠‡∏á‡∏ä‡∏±‡πà‡∏á‡∏£‡∏ñ‡∏ö‡∏£‡∏£‡∏ó‡∏∏‡∏Å ‡∏ó‡∏£‡∏±‡∏Ñ‡∏™‡πÄ‡∏Å‡∏•‡πÄ‡∏ã‡πá‡∏ô‡πÄ‡∏ï‡∏≠‡∏£‡πå Truckscale c‚Ä¶,    ‡πÄ‡∏Ñ‡∏£‡∏∑‡πà‡∏≠‡∏á‡∏ä‡∏±‡πà‡∏á‡∏£‡∏ñ‡∏ö‡∏£‡∏£‡∏ó‡∏∏‡∏Å‡∏ó‡∏£‡∏±‡∏Ñ‡∏™‡πÄ‡∏Å‡∏•‡πÄ‡∏ã‡πá‡∏ô‡πÄ‡∏ï‡∏≠‡∏£‡πåTruckscalec‚Ä¶  Truckscalecenter‡∏à‡∏≥‡∏´‡∏ô‡πà‡∏≤‡∏¢‡πÄ‡∏Ñ‡∏£‡∏∑‡πà‡∏≠‡∏á‡∏ä‡∏±‡πà‡∏á‡∏£‡∏ñ‡∏ö‡∏£‡∏£‡∏ó‡∏∏‡∏Å‡πÄ‡∏Ñ‡∏£‡∏∑‡πà‡∏≠‡∏á‡∏ä‡∏±‡πà‡∏á‡∏£‡∏ñ‡∏Å‡∏£‡∏∞‡∏ö‡∏∞‡πÄ‡∏Ñ‡∏£‡∏∑‡πà‡∏≠‡∏á‡∏ä‡∏±‡πà‡∏á‡∏≠‡∏∏‡∏ï‡∏™‡∏≤‡∏´‡∏Å‡∏£‡∏£‡∏°   ,,,43,33
http://krispycornks.lnwshop.com/,https://www.lnwshop.com/images/noAvatarShop.png,Krispy Corn ‡∏Ñ‡∏•‡∏≠‡∏á‡∏™‡∏≤‡∏ô,    KrispyCorn‡∏Ñ‡∏•‡∏≠‡∏á‡∏™‡∏≤‡∏ô  KrispyCorn(‡∏Ñ‡∏£‡∏¥‡∏™‡∏õ‡∏µ‡πâ‡∏Ñ‡∏≠‡∏£‡πå‡∏ô)‡∏≠‡∏£‡πà‡∏≠‡∏¢‡∏à‡∏ô‡∏´‡∏¢‡∏∏‡∏î‡πÑ‡∏°‡πà‡∏≠‡∏¢‡∏π‡πàKrispyCorn"‡∏Ñ‡∏≠‡∏ô‡πÄ‡∏ü‡∏•‡∏Å‡∏≠‡∏£‡πà‡∏≠‡∏¢‡∏à‡∏ô‡∏´‡∏¢‡∏∏‡∏î‡πÑ‡∏°‡πà‡∏≠‡∏¢‡∏π‡πà‡∏ó‡∏≤‡∏ô‡πÄ‡∏•‡πà‡∏ô‡πÑ‡∏î‡πâ‡πÄ‡∏•‡∏¢‡πÑ‡∏°‡πà‡∏ï‡πâ‡∏≠‡∏á‡πÉ‡∏™‡πà‡∏ô‡∏°"‡πÄ‡∏õ‡πá‡∏ô‡∏Å‡∏≤‡∏£‡∏ô‡∏≥‡πÄ‡∏≠‡∏≤‡∏Ñ‡∏≠‡∏ô‡πÄ‡∏ü‡∏•‡∏Å‡πÄ‡∏Å‡∏£‡∏îA(‡∏≠‡∏¢‡πà‡∏≤‡∏á‡∏î‡∏µ‡πÑ‡∏°‡πà‡πÉ‡∏ä‡πâ‡∏Ñ‡∏≠‡∏ô‡πÄ‡∏ü‡∏•‡∏Å‡∏£‡∏≤‡∏Ñ‡∏≤‡∏ñ‡∏π‡∏Å)‡∏ô‡∏≥‡∏°‡∏≤‡∏ú‡∏™‡∏°‚Ä¶   ,0834950928,krispycornks@gmail.com,14,7
http://www.siamtester.com/,https://www.lnwshop.com/images/noAvatarShop.png,SIAM TESTER,    SIAMTESTER  ‡∏à‡∏≥‡∏´‡∏ô‡πà‡∏≤‡∏¢tester‡∏Ç‡∏≠‡∏á‡πÅ‡∏ó‡πâ100%‡πÄ‡∏Ñ‡∏£‡∏∑‡πà‡∏≠‡∏á‡∏™‡∏≥‡∏≠‡∏≤‡∏á‡πÅ‡∏•‡∏∞‡∏Ñ‡∏ß‡∏≤‡∏°‡∏á‡∏≤‡∏°‡∏Ñ‡∏£‡∏µ‡∏°‡∏´‡∏ô‡πâ‡∏≤‡∏™‡∏î‡∏Ñ‡∏£‡∏µ‡∏°‡∏´‡∏ô‡πâ‡∏≤‡∏Ç‡∏≤‡∏ß‡∏Ñ‡∏£‡∏µ‡∏°‡∏£‡∏±‡∏Å‡∏©‡∏≤‡∏™‡∏¥‡∏ßPurewhitemask   ,0841266519,,15,15
http://tongjai-de-loft.lnwshop.com/,https://aa.lnwfile.com/_resize_images/300/300/ml/kk/hp.jpg,Tongjai De Loft,    TongjaiDeLoft  ‡∏à‡∏≥‡∏´‡∏ô‡πà‡∏≤‡∏¢‡∏õ‡∏•‡∏µ‡∏Å‡πÅ‡∏•‡∏∞‡∏™‡πà‡∏á‡∏†‡∏≤‡∏ä‡∏ô‡∏∞‡πÑ‡∏°‡πâ‡∏à‡∏≤‡∏ô‡πÑ‡∏°‡πâ‡∏ä‡∏≤‡∏°‡πÑ‡∏°‡πâ‡∏ñ‡πâ‡∏ß‡∏¢‡πÑ‡∏°‡πâ‡∏ä‡πâ‡∏≠‡∏ô‡∏™‡πâ‡∏≠‡∏°‡πÑ‡∏°‡πâ‡∏ñ‡∏≤‡∏î‡πÑ‡∏°‡πâ‡∏à‡∏≤‡∏Å‡∏ú‡∏π‡πâ‡∏ú‡∏•‡∏¥‡∏ï‡∏á‡∏≤‡∏ô‡πÑ‡∏°‡πâ‡∏£‡∏±‡∏ö‡∏™‡∏•‡∏±‡∏Å‡πÄ‡∏•‡πÄ‡∏ã‡∏≠‡∏£‡πå‡∏ä‡∏∑‡πà‡∏≠‡πÇ‡∏•‡πÇ‡∏Å‡πâ‡∏£‡πâ‡∏≤‡∏ô   ,081-682-1791,tongjaideloft@gmail.com,224,58
http://nunatty-shop.lnwshop.com/,https://dt.lnwfile.com/_resize_images/300/300/i2/fn/57.jpg,Nunatty Shop,    NunattyShop  **‡∏à‡∏≥‡∏´‡∏ô‡πà‡∏≤‡∏¢‡∏™‡∏¥‡∏ô‡∏Ñ‡πâ‡∏≤**‡∏™‡∏ö‡∏π‡πà‡∏™‡∏Ñ‡∏£‡∏±‡∏ö‡∏Ç‡∏°‡∏¥‡πâ‡∏ô‡∏Å‡∏≤‡πÅ‡∏üByNoomHam‡πÅ‡∏•‡∏∞‡πÅ‡∏ä‡∏°‡∏û‡∏π‡∏ô‡∏≤‡∏á‡∏ü‡πâ‡∏≤AngelHairByNissa   ,0836991491,nattaya.sa17@gmail.com,13,8
http://fadelly-shop.lnwshop.com/,https://dt.lnwfile.com/_resize_images/300/300/l3/p7/dx.jpg,Fadelly Shop,    FadellyShop  FadellyShop‡∏£‡πâ‡∏≤‡∏ô‡∏Ñ‡πâ‡∏≤‡∏≠‡∏≠‡∏ô‡πÑ‡∏•‡∏ô‡πå‡∏ó‡∏µ‡πà‡∏°‡∏µ‡∏™‡∏¥‡∏ô‡∏Ñ‡πâ‡∏≤‡∏ô‡∏≤‡∏ô‡∏≤‡πÜ‡∏ä‡∏ô‡∏¥‡∏î‡πÉ‡∏´‡πâ‡πÄ‡∏•‡∏∑‡∏≠‡∏Å‡∏Å‡∏±‡∏ö‡∏£‡∏≤‡∏Ñ‡∏≤‡∏ó‡∏µ‡πà‡∏™‡∏≤‡∏°‡∏≤‡∏£‡∏ñ‡∏à‡∏±‡∏ö‡∏ï‡πâ‡∏≠‡∏á‡πÑ‡∏î‡πâ   ,0909830376,manit.noiprang@gmail.com,25,22
http://www.dooh-thailand.com/,https://www.lnwshop.com/images/noAvatarShop.png,sasunsa-sx,    sasunsa-sx  ‡∏ã‡∏≤‡∏ã‡∏±‡∏ô‡∏ã‡πà‡∏≤(Sasunsa)‡∏ô‡∏ß‡∏±‡∏ï‡∏Å‡∏£‡∏£‡∏°‡πÉ‡∏´‡∏°‡πà‡∏à‡∏≤‡∏Å‡∏õ‡∏£‡∏∞‡πÄ‡∏ó‡∏®‡∏™‡∏ß‡∏¥‡∏ï‡πÄ‡∏ã‡∏≠‡∏£‡πå‡πÅ‡∏•‡∏ô‡∏î‡πå‡∏ó‡∏µ‡πà‡∏à‡∏∞‡∏ó‡∏≥‡πÉ‡∏´‡πâ‡∏Ñ‡∏∏‡∏ì‡∏´‡∏∏‡πà‡∏ô‡∏î‡∏µ‡πÑ‡∏î‡πâ‡πÇ‡∏î‡∏¢‡πÑ‡∏°‡πà‡∏ï‡πâ‡∏≠‡∏á‡∏≠‡∏î‡∏≠‡∏≤‡∏´‡∏≤‡∏£‡πÄ‡∏´‡πá‡∏ô‡∏ú‡∏•‡∏à‡∏£‡∏¥‡∏á‡πÑ‡∏°‡πà‡∏ï‡πâ‡∏≠‡∏á‡∏≠‡∏≠‡∏Å‡∏Å‡∏≥‡∏•‡∏±‡∏á‡∏Å‡∏≤‡∏¢‡∏≠‡∏¢‡πà‡∏≤‡∏á‡∏´‡∏ô‡∏±‡∏Å‡∏´‡∏ô‡πà‡∏ß‡∏á‡πÄ‡∏û‡∏£‡∏≤‡∏∞‡∏ã‡∏≤‡∏ã‡∏±‡∏ô‡∏ã‡πà‡∏≤(Sasunsa)‡∏à‡∏∞‡∏ä‡πà‡∏ß‡∏¢‡∏ó‡∏≥‡πÉ‡∏´‡πâ‡∏£‡∏±‡∏ö‡∏õ‚Ä¶   ,0897272938,wan-nuts@hotmail.com,149,121
http://mestyleonline.lnwshop.com/,https://aa.lnwfile.com/_resize_images/300/300/mx/g9/u8.jpg,Me Style Shop Online,    MeStyleShopOnline  ‡πÄ‡∏™‡∏∑‡πâ‡∏≠‡∏ú‡πâ‡∏≤‡πÅ‡∏ü‡∏ä‡∏±‡πà‡∏ô‡∏™‡∏≥‡∏´‡∏£‡∏±‡∏ö‡∏Ñ‡∏∏‡∏ì‡∏ú‡∏π‡πâ‡∏´‡∏ç‡∏¥‡∏á   ,0848347031,beauti263@gmail.com,251,82
http://krapaotookshop.lnwshop.com/,https://www.lnwshop.com/images/noAvatarShop.png,‡∏Å‡∏£‡∏∞‡πÄ‡∏õ‡πã‡∏≤‡∏ñ‡∏π‡∏Å,    ‡∏Å‡∏£‡∏∞‡πÄ‡∏õ‡πã‡∏≤‡∏ñ‡∏π‡∏Å  ‡∏Å‡∏£‡∏∞‡πÄ‡∏õ‡πã‡∏≤‡πÅ‡∏ü‡∏ä‡∏±‡πà‡∏ô‡∏Å‡πä‡∏≠‡∏õ‡πÅ‡∏ö‡∏£‡∏ô‡∏î‡πå‡πÄ‡∏Å‡∏£‡∏î‡πÄ‡∏≠‡∏Å‡∏≤‡∏£‡∏±‡∏ô‡∏ï‡∏µ‡∏£‡∏≤‡∏Ñ‡∏≤‡∏ñ‡∏π‡∏Å‡∏ó‡∏µ‡πà‡∏™‡∏∏‡∏î   ,,,38,26
http://redcarpet.lnwshop.com/,https://www.lnwshop.com/images/noAvatarShop.png,RedCarpet,    RedCarpet  ‡∏£‡πâ‡∏≤‡∏ô‡∏Ç‡∏≤‡∏¢‡∏Ç‡∏≠‡∏á‡πÄ‡∏•‡πà‡∏ô‡∏û‡∏£‡∏°‡πÅ‡∏î‡∏á   ,0815500044,boybobebus@gmail.com,,
http://evalynbyampere.lnwshop.com/,https://dt.lnwfile.com/_resize_images/300/300/b1/w7/fe.jpg,‡∏Ñ‡∏£‡∏µ‡∏°‡∏™‡∏°‡∏∏‡∏ô‡πÑ‡∏û‡∏£‡∏´‡∏ô‡πâ‡∏≤‡πÉ‡∏™ EvalynByAmpere‚Ä¨,    ‡∏Ñ‡∏£‡∏µ‡∏°‡∏™‡∏°‡∏∏‡∏ô‡πÑ‡∏û‡∏£‡∏´‡∏ô‡πâ‡∏≤‡πÉ‡∏™EvalynByAmpere‚Ä¨  ‡∏Ñ‡∏£‡∏µ‡∏°‡∏™‡∏°‡∏∏‡∏ô‡πÑ‡∏û‡∏£‡∏´‡∏ô‡πâ‡∏≤‡πÉ‡∏™‡∏™‡∏¥‡∏ô‡∏Ñ‡πâ‡∏≤‡∏ó‡∏∏‡∏Å‡∏ï‡∏±‡∏ß‡∏õ‡∏•‡∏≠‡∏î‡∏†‡∏±‡∏¢100%‡∏°‡∏µ‡πÄ‡∏•‡∏Ç‡∏à‡∏î‡πÅ‡∏à‡πâ‡∏á‡∏ó‡∏∏‡∏Å‡∏ï‡∏±‡∏ß‡πÉ‡∏ä‡πâ‡∏î‡∏µ‡πÄ‡∏´‡πá‡∏ô‡∏ú‡∏•‡∏•‡∏π‡∏Å‡∏Ñ‡πâ‡∏≤‡πÉ‡∏ä‡πâ‡πÅ‡∏•‡πâ‡∏ß‡∏ï‡∏¥‡∏î‡πÉ‡∏à‡∏à‡∏ô‡∏ï‡πâ‡∏≠‡∏á‡∏™‡∏±‡πà‡∏á‡∏ï‡πà‡∏≠LineID:pangziipiyaratFacebook:PangziiPiyaratTel.099-1033232   ,0991033232,pang_freedom555@hotmail.com,3,2
http://veryprincess.lnwshop.com/,https://du.lnwfile.com/_resize_images/300/300/rq/c5/cq.jpg,Very Princess,    VeryPrincess  ‡πÄ‡∏à‡∏•‡∏™‡∏•‡∏≤‡∏¢‡πÑ‡∏Ç‡∏°‡∏±‡∏ô‡∏•‡∏î‡πÄ‡∏ã‡∏•‡∏•‡∏π‡πÑ‡∏•‡∏•‡∏î‡∏™‡∏±‡∏î‡∏™‡πà‡∏ß‡∏ô   ,0817751098,siamese_took@hotmail.com,33,31
http://vbbestcool55.lnwshop.com/,https://www.lnwshop.com/images/noAvatarShop.png,Vbestcool,    Vbestcool  ‡∏ï‡∏±‡∏ß‡πÅ‡∏ó‡∏ô‡∏à‡∏≥‡∏´‡∏ô‡πà‡∏≤‡∏¢‡∏™‡∏¥‡∏ô‡∏Ñ‡πâ‡∏≤‡∏≠‡∏≠‡∏ô‡πÑ‡∏•‡∏ô‡πå‡∏Å‡∏£‡∏∞‡πÄ‡∏õ‡πã‡∏≤‡πÄ‡∏™‡∏∑‡πâ‡∏≠‡∏ú‡πâ‡∏≤‡πÅ‡∏ü‡∏ä‡∏±‡πà‡∏ô‡∏ô‡∏≥‡πÄ‡∏Ç‡πâ‡∏≤‡πÄ‡∏Å‡πã‡πÜ‡πÅ‡∏ô‡∏ß‡πÜ‡∏™‡∏≥‡∏´‡∏£‡∏±‡∏ö‡∏ó‡∏∏‡∏Å‡∏£‡∏∏‡πà‡∏ô‡∏ó‡∏∏‡∏Å‡πÄ‡∏û‡∏®‡∏ó‡∏∏‡∏Å‡∏ß‡∏±‡∏¢‡∏à‡∏£‡πâ‡∏≤‡∏≤‡∏≤‡∏≤‡∏≤...   ,0992849867,vbestcool@gmail.com,46,13